glasses,eyesight,sleep_wkdy,sleep_wknd,id,nsibs,samp,race_eth,sex,region,income,res_1980,res_2002,age_bir
0,1,5,7,3,3,5,3,2,1,22390,11,11,19
1,2,6,7,6,1,1,3,1,1,35000,3,11,30
0,2,7,9,8,7,6,3,2,1,7227,11,11,17
1,3,6,7,16,3,5,3,2,1,48000,11,11,31
0,3,10,10,18,2,1,3,1,3,4510,11,11,19
1,2,7,8,20,2,5,3,2,1,50000,3,11,30
0,1,8,8,27,1,5,3,2,1,20000,11,11,27
1,1,8,8,49,6,5,3,2,1,23900,11,11,24
1,2,7,8,57,1,5,3,2,1,23289,11,11,21
0,1,8,8,67,1,1,3,1,1,35000,3,11,36
0,3,8,8,86,7,7,2,2,1,1688,11,19,17
1,5,7,7,96,2,6,3,2,1,3000,11,11,19
1,1,7,8,97,7,5,3,2,1,8000,11,11,29
0,1,7,7,98,2,6,3,2,1,6618,11,11,30
0,1,8,8,117,2,1,3,1,1,52300,6,11,26
0,1,7,7,137,4,5,3,2,1,40000,3,11,26
0,3,7,4,172,9,6,3,2,1,3162,11,11,35
1,2,8,8,179,2,5,3,2,1,10000,11,11,22
1,3,8,8,186,2,5,3,2,1,30000,3,11,31
1,3,8,9,200,2,5,3,2,1,25200,11,11,24
0,4,7,7,205,4,8,1,2,1,11960,11,11,21
1,2,6,10,218,2,1,3,1,1,15000,11,11,31
0,2,8,8,227,4,7,2,2,1,5184,11,11,17
0,5,7,7,237,4,5,3,2,3,5710,11,11,23
0,1,8,8,242,2,5,3,2,1,7236,11,11,27
0,1,7,7,243,3,1,3,1,1,12600,11,11,26
1,2,7,8,244,4,5,3,2,1,7910,11,11,18
0,4,7,7,247,4,2,3,1,1,6000,3,11,27
0,1,6,10,250,1,5,3,2,1,10600,11,11,24
1,2,6,6,256,2,5,3,2,1,18000,11,11,18
0,2,6,6,259,2,1,3,1,1,19700,11,11,21
1,3,6,6,274,6,2,3,1,1,5800,16,11,19
1,2,7,7,281,3,1,3,1,1,25000,3,11,34
0,2,7,7,290,11,8,1,2,1,17900,11,11,19
1,3,8,8,297,2,5,3,2,1,16705,11,11,21
1,2,7,7,317,2,1,3,1,1,29000,3,11,33
0,2,6,10,333,5,7,2,2,1,10600,11,11,23
0,4,6,6,335,7,7,2,2,1,800,11,11,32
0,3,6,5,337,2,3,2,1,1,5000,1,11,20
0,3,3,3,343,5,7,2,2,1,11400,11,11,19
1,2,6,7,354,4,5,3,2,1,21975,11,11,32
0,1,7,8,357,3,1,3,1,1,25000,11,11,35
1,1,7,8,369,1,5,3,2,1,46000,3,11,32
0,1,5,5,377,5,3,2,1,1,5400,11,19,23
1,4,6,9,382,5,7,2,2,1,7065,11,11,16
0,1,6,8,392,3,1,3,1,1,29000,11,11,27
0,1,5,5,398,3,3,2,1,1,5300,11,11,21
1,1,7,8,400,2,5,3,2,1,25500,3,11,28
1,3,7,9,409,6,2,3,1,1,3617,11,11,25
0,1,6,6,410,5,1,3,1,1,16000,11,11,23
1,2,7,7,422,2,1,3,1,2,63000,3,11,28
1,1,6,7,423,2,5,3,2,1,70000,3,11,34
0,1,5,7,437,5,5,3,2,1,19260,11,11,23
0,3,7,7,442,1,5,3,2,1,14750,11,11,18
0,2,7,7,443,1,1,3,1,1,10000,11,11,25
1,1,8,8,444,1,5,3,2,1,40000,3,11,28
0,1,7,8,457,2,1,3,1,1,35500,11,11,32
1,1,7,8,458,0,5,3,2,1,40000,3,11,31
0,2,7,7,466,2,1,3,1,1,10025,11,11,23
1,1,8,8,481,2,1,3,1,2,30000,3,11,30
1,1,7,8,482,2,1,3,1,2,50000,3,11,29
0,2,7,7,503,2,5,3,2,2,30000,11,11,19
1,3,5,7,513,4,3,2,1,2,8204,3,11,28
1,2,6,5,550,2,5,3,2,2,22300,11,11,21
1,2,7,7,552,7,5,3,2,2,35000,3,11,24
0,1,6,6,553,7,1,3,1,2,35000,3,11,34
0,1,4,3,555,4,1,3,1,2,13000,11,11,21
1,1,7,8,557,3,5,3,2,2,37000,11,11,28
1,1,8,8,582,2,5,3,2,2,7000,11,11,27
1,2,5,7,583,1,1,3,1,2,8850,11,11,36
1,1,6,6,619,5,5,3,2,2,15170,11,11,17
0,1,7,8,620,3,3,2,1,2,18000,11,11,24
1,1,7,7,625,10,3,2,1,2,13000,11,11,14
0,3,6,9,631,12,1,3,1,2,6060,11,11,19
1,2,6,6,632,5,5,3,2,2,8060,11,11,17
0,1,5,8,644,2,1,3,1,2,6400,11,11,34
0,1,7,8,647,1,1,3,1,2,40000,11,11,22
1,3,6,7,649,2,1,3,1,2,6400,11,11,28
0,2,6,7,653,0,1,3,1,2,20000,3,11,43
1,2,6,8,664,4,5,3,2,2,52000,3,11,28
0,3,4,6,692,2,5,3,2,2,20000,11,11,19
1,1,7,7,704,4,5,3,2,2,16000,11,11,22
1,1,7,8,706,6,6,3,2,2,27000,11,11,19
1,1,8,8,708,6,6,3,2,2,2946,11,6,20
1,4,6,7,712,5,5,3,2,2,50000,11,11,24
0,2,6,8,720,4,5,3,2,2,23700,11,11,19
0,3,7,8,731,3,1,3,1,2,10000,11,11,23
1,1,8,8,739,6,5,3,2,2,15355,11,11,19
0,1,7,8,742,1,1,3,1,2,2400,3,11,34
1,1,8,8,752,2,6,3,2,2,4250,11,11,32
1,2,6,6,753,6,3,2,1,2,9000,11,11,16
1,1,5,6,755,6,8,1,2,2,11000,11,11,17
1,1,5,5,761,5,5,3,2,2,3150,16,11,20
1,2,5,7,775,4,5,3,2,2,7240,11,11,26
1,1,7,7,792,4,5,3,2,2,25000,11,11,22
1,1,4,4,801,5,5,3,2,2,20000,11,11,21
1,1,7,8,812,1,5,3,2,2,21000,3,11,25
0,1,7,8,820,1,5,3,2,2,30000,3,11,36
1,2,7,7,825,2,1,3,1,2,40000,3,11,29
1,4,5,8,836,5,8,1,2,2,744,11,11,18
1,3,5,8,848,4,5,3,2,2,14000,11,19,20
1,2,7,7,855,6,5,3,2,2,20000,11,11,24
1,1,6,8,856,6,5,3,2,3,25000,11,11,22
1,1,8,8,862,1,5,3,2,2,10700,11,11,19
0,2,6,7,881,6,1,3,1,2,40000,3,11,28
0,1,7,7,888,3,1,3,1,2,12250,11,11,21
0,4,9,8,889,2,5,3,2,2,12600,11,11,21
1,2,7,7,890,4,1,3,1,2,40000,3,11,26
0,2,8,8,891,4,1,3,1,2,4452,11,11,24
1,2,8,8,896,3,5,3,2,2,25000,3,11,26
1,1,7,9,914,10,8,1,2,2,37000,11,11,30
1,1,7,7,916,2,1,3,1,2,70000,3,11,27
0,4,8,8,919,3,1,3,1,2,17000,11,11,20
1,1,7,7,924,2,1,3,1,2,29000,3,11,30
1,3,6,6,931,5,1,3,1,2,11670,11,6,20
1,2,5,10,932,5,5,3,2,2,11601,11,11,18
0,1,7,8,947,9,1,3,1,2,17000,11,11,26
0,1,7,7,960,3,1,3,1,2,75001,3,11,30
1,2,7,7,984,7,2,3,1,2,9400,11,11,34
0,2,7,8,985,6,2,3,1,2,35000,11,11,29
0,1,7,8,992,6,5,3,2,2,17000,11,11,18
1,2,7,10,995,4,5,3,2,2,19900,11,11,13
0,1,6,6,1000,4,3,2,1,2,7760,1,11,20
0,3,7,9,1009,4,6,3,2,2,19600,11,11,19
0,2,5,7,1034,8,7,2,2,2,4080,11,11,15
1,2,8,8,1039,3,5,3,2,2,16200,11,11,28
0,3,8,8,1050,3,5,3,2,2,10000,3,11,41
0,3,7,8,1056,2,5,3,2,2,10205,11,11,20
1,3,6,9,1059,7,3,2,1,2,11000,11,11,21
0,1,7,7,1060,6,1,3,1,2,24000,11,11,30
0,3,8,9,1063,8,5,3,2,2,1963,11,11,17
0,3,8,9,1065,3,5,3,2,2,7200,11,11,26
0,3,6,7,1068,5,3,2,1,2,3500,11,11,19
0,4,6,6,1070,5,7,2,2,2,3230,11,11,16
0,4,8,8,1077,7,6,3,2,3,16132,11,11,16
1,3,6,6,1079,5,7,2,2,3,14000,11,11,19
1,1,7,10,1088,2,5,3,2,3,30000,3,11,27
0,1,7,8,1101,0,8,1,2,3,23000,11,11,28
0,1,6,6,1102,1,1,3,1,3,40000,11,11,44
1,3,8,8,1111,6,5,3,2,3,15765,11,11,19
1,3,6,7,1122,2,4,1,1,3,9350,11,11,20
1,2,7,9,1142,4,4,1,1,3,60000,6,11,27
1,4,5,5,1163,2,6,3,2,3,100,11,11,21
1,3,5,6,1166,0,7,2,2,3,16000,11,11,22
0,1,9,9,1169,3,1,3,1,3,10000,11,11,29
0,1,7,7,1185,2,1,3,1,3,30000,3,11,30
0,1,5,8,1189,5,7,2,2,3,10238,11,11,16
0,2,6,8,1199,2,6,3,2,3,11096,11,11,19
1,3,7,7,1212,6,7,2,2,3,1050,11,11,16
1,3,6,6,1225,6,5,3,2,3,26928,11,11,16
0,3,6,6,1226,2,6,3,2,3,0,11,11,15
0,3,8,7,1227,7,7,2,2,2,5000,11,11,16
1,3,4,4,1233,3,5,3,2,3,18000,11,11,20
1,2,6,7,1238,7,5,3,2,3,8642,11,11,20
1,1,4,7,1249,3,1,3,1,3,12475,11,11,21
0,2,8,8,1250,4,5,3,2,3,12475,11,11,22
1,3,8,10,1261,2,5,3,2,3,5400,11,11,31
0,3,6,8,1272,2,1,3,1,3,22000,11,11,29
1,4,7,7,1288,9,3,2,1,3,4800,3,11,19
0,3,8,10,1291,1,3,2,1,3,10232,5,11,16
1,1,6,7,1293,4,7,2,2,3,40700,3,11,15
0,1,7,8,1311,4,1,3,1,3,17000,11,11,32
1,3,7,8,1312,3,5,3,2,3,16000,16,11,20
1,1,6,6,1327,3,5,3,2,3,21800,11,11,25
0,3,3,3,1342,4,1,3,1,3,10000,11,5,20
1,1,6,7,1347,6,5,3,2,3,18000,3,11,45
1,1,6,6,1352,2,5,3,2,3,23180,11,11,22
0,1,6,6,1359,2,5,3,2,3,6000,11,11,29
1,1,7,8,1360,4,5,3,2,3,6000,11,11,31
1,1,7,7,1368,7,1,3,1,3,75001,3,19,28
1,2,7,7,1393,3,2,3,1,3,12030,11,11,21
0,1,6,6,1394,4,6,3,2,3,12030,11,11,19
1,3,7,8,1411,3,5,3,2,3,8300,11,11,22
0,1,6,6,1413,6,4,1,1,3,3000,11,11,23
1,1,5,5,1415,10,8,1,2,3,5000,11,11,17
1,1,8,8,1451,8,8,1,2,3,129,11,11,16
1,1,3,3,1455,7,5,3,2,3,16000,11,11,16
1,1,5,5,1465,4,5,3,2,3,17112,14,11,20
1,4,7,9,1469,3,5,3,2,3,11137,11,11,17
1,2,7,9,1470,3,5,3,2,3,0,11,11,17
1,3,9,9,1474,3,5,3,2,3,10300,11,11,23
1,3,6,7,1479,2,1,3,1,3,60000,11,11,32
0,1,7,7,1481,3,3,2,1,4,5342,11,11,22
0,2,7,7,1484,1,7,2,2,3,7044,11,11,19
1,2,5,5,1520,6,3,2,1,3,10070,11,11,25
1,2,4,4,1524,3,7,2,2,3,7000,11,11,18
0,1,6,8,1527,6,3,2,1,3,8200,11,11,17
0,2,9,9,1539,3,6,3,2,4,2500,11,11,25
0,1,8,8,1541,4,5,3,2,4,24800,2,11,22
0,2,6,8,1546,3,6,3,2,4,800,11,11,21
0,3,8,8,1547,5,1,3,1,4,13000,16,6,18
1,3,7,7,1548,1,5,3,2,4,5172,16,11,16
1,1,7,7,1551,1,5,3,2,4,28009,11,11,22
1,2,8,8,1552,3,5,3,2,4,23000,11,11,20
0,1,9,9,1553,4,5,3,2,4,18012,11,11,28
1,2,8,8,1554,4,1,3,1,3,29900,11,11,22
1,1,6,7,1566,2,5,3,2,4,19916,11,11,19
1,1,7,7,1569,4,1,3,1,4,25000,16,11,28
1,1,5,5,1575,5,1,3,1,4,29000,11,11,23
1,2,8,8,1577,4,1,3,1,4,29000,11,11,30
1,3,6,6,1587,1,5,3,2,4,30000,3,11,25
1,2,6,6,1593,2,5,3,2,4,22595,11,11,25
1,3,5,5,1596,7,6,3,2,4,2670,11,11,18
1,4,8,8,1599,1,5,3,2,4,11962,11,11,24
1,3,7,7,1600,6,6,3,2,2,5435,11,5,16
0,2,6,6,1603,5,1,3,1,4,16889,3,11,29
1,3,7,8,1605,5,5,3,2,4,12586,11,11,24
1,1,7,8,1609,4,5,3,2,4,9600,11,11,18
0,2,7,7,1610,3,5,3,2,4,6920,11,11,18
1,1,7,7,1616,4,5,3,2,4,15000,11,11,21
1,1,6,7,1617,1,5,3,2,4,20000,11,11,22
1,2,8,8,1622,2,1,3,1,4,23000,11,11,31
1,1,7,9,1623,1,5,3,2,4,50000,11,11,26
1,1,8,9,1638,4,5,3,2,4,16500,11,11,20
1,1,6,8,1640,6,5,3,2,4,6085,11,11,27
1,1,6,8,1641,4,4,1,1,4,11000,11,11,23
1,3,6,6,1656,6,5,3,2,4,60000,11,11,26
0,4,6,7,1674,4,5,3,2,4,24000,11,11,18
0,1,7,7,1685,6,7,2,2,4,7032,11,11,42
1,3,7,7,1714,3,7,2,2,4,200,15,6,35
0,3,7,7,1729,3,8,1,2,4,9700,11,11,16
1,2,6,8,1730,4,5,3,2,4,14000,11,11,32
0,2,7,9,1735,4,5,3,2,4,20000,3,11,27
1,3,7,8,1740,3,5,3,2,4,40000,11,11,40
1,3,7,7,1746,5,1,3,1,4,3715,11,11,37
0,2,8,8,1747,1,5,3,2,4,1124,11,11,21
0,2,6,6,1766,2,5,3,2,4,4022,11,11,23
1,3,6,8,1770,13,5,3,2,4,19000,11,11,19
0,2,7,7,1778,3,5,3,2,4,12312,11,11,19
0,2,6,8,1785,4,5,3,2,4,6000,11,11,18
1,2,6,8,1795,1,5,3,2,4,18700,11,11,19
1,2,7,9,1804,1,5,3,2,4,40000,3,11,26
1,1,7,7,1808,2,5,3,2,4,3840,11,11,23
0,2,6,7,1824,4,8,1,2,4,20300,11,11,17
0,1,7,7,1833,9,8,1,2,4,7800,11,11,17
1,1,8,10,1847,3,8,1,2,4,7000,11,11,19
1,2,8,8,1855,3,1,3,1,4,25000,11,11,47
0,1,5,6,1862,9,5,3,2,1,5000,11,11,20
1,4,8,8,1865,2,5,3,2,1,3700,11,11,24
0,2,6,6,1872,3,1,3,1,1,23496,11,11,24
1,2,6,8,1875,1,1,3,1,1,22000,3,11,31
1,3,7,7,1878,4,5,3,2,1,17530,11,11,19
1,2,5,7,1880,2,5,3,2,1,27000,3,11,28
1,3,6,7,1885,2,5,3,2,1,40000,11,11,32
0,2,7,7,1901,4,1,3,1,1,60000,11,11,22
0,2,8,8,1906,1,5,3,2,3,35000,3,11,38
0,2,8,8,1910,1,1,3,1,1,25000,11,11,31
1,1,7,7,1912,6,5,3,2,1,25000,11,11,27
1,1,6,8,1914,2,1,3,1,1,37000,6,11,29
0,3,7,8,1918,2,1,3,1,1,22000,3,11,29
1,1,7,7,1930,1,1,3,1,1,20000,3,11,29
1,1,7,7,1947,1,5,3,2,1,13000,11,11,18
1,1,8,9,1954,2,5,3,2,1,34000,3,11,23
1,2,6,6,1961,5,1,3,1,1,15320,11,11,22
1,1,7,7,1962,3,5,3,2,1,15320,11,11,21
0,2,8,8,1965,5,5,3,2,1,5000,11,11,18
1,2,6,6,1966,3,1,3,1,1,15000,1,11,29
0,2,8,8,1980,3,5,3,2,2,12262,11,11,25
0,2,5,5,1984,1,1,3,1,2,6000,6,11,33
1,1,7,7,1990,5,5,3,2,2,22540,11,11,24
0,3,7,8,1994,1,5,3,2,2,9929,11,11,20
0,3,6,6,2002,6,5,3,2,2,1292,11,11,16
1,3,8,9,2003,6,5,3,2,2,10000,16,11,27
1,2,4,4,2025,2,1,3,1,2,6000,11,11,22
1,2,7,7,2027,7,5,3,2,2,6958,11,11,21
0,2,8,8,2030,4,6,3,2,2,7478,11,11,41
1,1,6,7,2055,3,1,3,1,2,31000,11,11,22
0,1,7,7,2056,2,1,3,1,2,15000,3,11,28
1,2,8,8,2064,5,5,3,2,2,4000,11,11,25
0,2,7,7,2070,3,5,3,2,2,30000,11,11,25
1,2,6,8,2073,5,5,3,2,2,20000,11,11,30
1,2,6,7,2075,6,1,3,1,2,9900,11,11,23
0,2,6,7,2076,8,5,3,2,2,18200,11,11,22
0,1,6,7,2083,1,5,3,2,2,20000,11,11,30
1,1,6,7,2093,4,1,3,1,2,14280,11,11,17
1,2,5,5,2094,5,5,3,2,2,1144,11,11,17
0,1,8,8,2097,4,1,3,1,2,17000,11,11,29
1,1,6,6,2100,3,1,3,1,2,30000,11,11,25
1,3,7,7,2101,3,1,3,1,2,11630,11,11,28
1,2,7,8,2102,2,5,3,2,2,14700,11,11,17
1,1,5,5,2104,1,5,3,2,2,20000,11,11,23
1,2,5,5,2119,9,6,3,2,3,7929,11,11,18
1,2,6,6,2126,4,6,3,2,3,4500,11,11,34
1,3,5,4,2131,3,5,3,2,3,18000,11,11,22
0,2,7,7,2158,3,5,3,2,3,15100,11,6,18
1,3,7,10,2159,2,3,2,1,3,7200,11,11,34
0,2,7,8,2163,0,1,3,1,3,25000,11,11,21
1,1,4,4,2168,2,1,3,1,3,35000,11,11,37
0,1,7,7,2190,3,5,3,2,3,17000,11,11,22
1,1,7,7,2191,1,1,3,1,3,12045,11,11,33
1,1,5,5,2196,5,5,3,2,3,12725,11,11,18
0,3,7,9,2203,2,5,3,2,3,25000,11,11,27
1,3,7,10,2221,7,6,3,2,3,13010,11,11,19
0,3,5,7,2222,2,1,3,1,3,14000,11,11,37
1,2,7,8,2227,1,1,3,1,3,21000,11,11,28
0,3,5,8,2231,1,1,3,1,3,8010,1,11,23
0,1,5,7,2237,2,5,3,2,3,35000,3,11,26
0,1,8,8,2247,4,5,3,2,3,7800,11,11,32
0,3,6,4,2281,1,5,3,2,3,12701,11,11,20
0,2,8,8,2313,5,5,3,2,3,9900,11,11,19
1,1,7,8,2314,1,1,3,1,3,9800,11,11,21
1,3,5,6,2317,7,5,3,2,3,10300,11,11,26
0,2,10,10,2318,5,1,3,1,3,11000,11,11,18
1,3,5,5,2329,3,1,3,1,3,15000,11,11,24
1,2,7,7,2336,1,1,3,1,3,1700,11,11,24
0,5,7,7,2340,1,5,3,2,3,13570,11,19,19
0,4,9,10,2359,9,7,2,2,3,2600,11,11,25
0,2,7,7,2375,3,6,3,2,4,5000,13,11,26
1,5,7,7,2380,3,1,3,1,4,12000,1,16,20
0,3,5,6,2394,4,5,3,2,4,7000,11,11,25
0,1,10,10,2395,12,8,1,2,4,12416,11,11,19
0,3,7,7,2398,2,5,3,2,4,23918,11,19,18
0,2,3,7,2399,3,5,3,2,4,13000,11,11,17
0,2,9,9,2404,2,6,3,2,4,2142,11,11,28
1,3,5,5,2407,2,5,3,2,4,7700,11,11,21
0,1,4,10,2415,2,1,3,1,4,16064,11,11,27
0,1,8,8,2416,3,5,3,2,4,1700,11,11,31
1,1,8,9,2418,2,5,3,2,4,3000,11,11,25
1,2,7,8,2437,6,5,3,2,2,38000,11,11,30
1,2,7,9,2442,0,5,3,2,2,12000,3,11,27
0,1,5,6,2447,3,5,3,2,2,7198,11,11,19
0,2,6,6,2449,2,1,3,1,2,9204,11,11,20
1,2,7,7,2450,5,5,3,2,2,9204,11,11,19
1,2,5,5,2459,3,6,3,2,2,12652,11,11,20
1,5,10,10,2474,5,5,3,2,2,15160,11,11,18
1,1,7,7,2478,2,5,3,2,2,21000,11,11,23
1,3,6,6,2481,6,2,3,1,2,6093,11,11,16
0,2,5,7,2483,1,5,3,2,2,14000,11,11,24
1,1,8,8,2494,5,2,3,1,2,1290,11,11,28
0,1,7,7,2523,4,5,3,2,2,9604,11,11,18
0,3,8,8,2525,5,5,3,2,2,13460,11,11,15
0,2,7,7,2535,4,1,3,1,2,8571,11,11,20
0,2,6,8,2536,3,5,3,2,2,8571,11,11,16
0,1,8,8,2539,3,1,3,1,2,7080,11,11,23
1,1,6,8,2541,2,1,3,1,2,13500,3,11,24
1,3,8,9,2544,2,5,3,2,2,20000,3,11,26
0,1,8,8,2545,0,1,3,1,2,24000,11,11,17
1,3,6,8,2549,3,5,3,2,2,22000,11,11,27
1,1,8,8,2550,3,1,3,1,2,22000,3,11,26
1,1,5,6,2551,3,5,3,2,2,20000,3,11,27
0,1,6,6,2555,1,1,3,1,2,21048,11,11,22
1,1,6,7,2565,2,5,3,2,2,25000,11,11,29
0,2,7,8,2566,1,5,3,2,2,5500,11,11,25
1,2,6,6,2568,2,1,3,1,2,9084,11,11,27
1,2,7,7,2569,3,5,3,2,2,9084,11,11,25
0,1,7,7,2573,2,5,3,2,2,21712,11,11,24
1,2,8,8,2594,3,1,3,1,3,13000,11,11,16
1,2,4,6,2599,4,5,3,2,3,16000,11,11,25
1,1,6,6,2614,3,1,3,1,3,15000,1,11,23
1,1,6,7,2616,3,2,3,1,3,12000,11,11,24
1,3,7,7,2629,8,5,3,2,3,31056,11,11,16
0,1,10,10,2634,2,1,3,1,3,5552,1,11,25
1,1,5,5,2637,1,1,3,1,3,12500,3,11,31
0,3,6,6,2640,6,5,3,2,3,10482,11,11,16
1,1,7,8,2646,8,8,1,2,3,31000,11,11,28
0,4,6,5,2663,3,8,1,2,3,5000,11,11,17
1,3,8,8,2672,3,8,1,2,3,10620,11,11,20
0,3,8,8,2674,5,4,1,1,3,3869,11,11,19
0,1,3,3,2676,10,4,1,1,3,24,16,11,23
1,1,7,7,2679,7,8,1,2,3,5631,11,11,19
0,2,6,6,2693,7,4,1,1,3,14000,6,5,32
1,1,6,8,2698,10,8,1,2,3,4000,11,11,23
0,1,6,7,2702,8,4,1,1,3,5300,11,11,25
1,2,8,8,2703,8,4,1,1,3,2500,3,11,38
0,3,8,9,2705,7,8,1,2,3,3000,11,11,16
0,1,6,8,2724,1,1,3,1,3,22000,3,11,28
1,1,6,6,2728,3,1,3,1,3,13233,11,11,20
1,4,5,5,2729,2,5,3,2,3,8500,11,11,17
0,3,10,10,2741,2,1,3,1,3,14850,11,11,20
0,2,7,9,2742,1,5,3,2,3,14600,11,11,20
1,3,3,5,2745,2,1,3,1,3,32000,11,11,31
1,1,8,10,2746,1,5,3,2,3,14208,11,11,16
1,2,8,8,2748,2,5,3,2,3,13000,11,11,24
0,2,6,10,2770,10,7,2,2,3,9000,3,11,24
0,2,6,6,2771,10,7,2,2,3,9000,3,11,20
0,4,7,7,2779,3,1,3,1,3,17000,11,11,19
0,4,7,9,2781,4,5,3,2,3,1600,11,11,20
0,2,5,5,2795,16,7,2,2,3,5212,11,11,16
0,3,5,5,2803,2,3,2,1,3,13000,3,11,17
0,1,8,8,2809,3,5,3,2,3,22000,11,11,19
0,3,8,8,2813,4,1,3,1,3,17000,11,11,15
0,4,8,8,2817,1,5,3,2,3,6000,11,11,16
0,1,8,8,2866,5,1,3,1,1,12000,1,11,19
1,3,7,7,2877,4,6,3,2,1,19320,11,11,32
1,3,6,6,2885,2,5,3,2,1,4020,11,11,25
1,2,7,8,2896,3,1,3,1,1,50000,3,11,29
1,1,6,8,2902,2,5,3,2,3,60000,11,11,31
1,1,7,7,2908,3,5,3,2,3,53000,3,11,30
1,2,9,9,2936,2,5,3,2,1,34000,3,11,31
0,1,7,8,2941,2,1,3,1,1,75001,3,11,32
1,1,7,7,2948,5,5,3,2,1,33800,11,11,24
0,1,8,8,2949,5,5,3,2,1,33800,11,11,27
0,2,7,8,2962,5,1,3,1,1,30000,3,11,30
0,2,8,8,2965,4,4,1,1,1,4000,11,11,20
1,2,8,8,2980,1,1,3,1,1,47000,11,11,26
1,2,7,8,2984,3,1,3,1,1,60000,3,11,31
0,1,6,7,2996,3,1,3,1,1,35000,11,11,22
1,2,5,8,3036,0,5,3,2,1,26600,11,11,21
1,1,8,9,3037,6,1,3,1,1,36600,11,11,23
1,2,8,8,3041,1,6,3,2,1,5065,11,11,16
0,3,5,5,3046,1,7,2,2,1,6500,11,11,16
1,4,8,8,3051,5,5,3,2,1,6313,11,11,16
1,1,5,5,3057,3,5,3,2,1,5000,11,11,18
1,2,8,8,3069,7,7,2,2,1,13500,11,11,23
0,3,6,6,3075,2,7,2,2,1,5000,11,11,23
0,2,7,8,3079,6,5,3,2,1,10600,11,11,26
0,2,6,7,3084,1,1,3,1,1,27000,3,11,33
1,2,6,6,3095,3,5,3,2,1,12000,11,11,18
1,1,7,7,3100,2,1,3,1,1,32300,11,11,22
1,1,8,9,3102,3,1,3,1,1,23800,3,11,32
1,3,6,6,3125,6,1,3,1,1,8000,11,11,20
0,2,7,8,3138,4,1,3,1,3,6000,16,11,37
1,2,8,8,3145,2,5,3,2,1,24000,3,11,31
1,3,5,8,3152,4,1,3,1,3,54100,3,11,33
1,2,5,8,3156,1,5,3,2,1,27000,3,11,31
0,2,6,8,3159,2,1,3,1,1,14500,11,11,37
0,2,8,8,3163,3,5,3,2,1,30000,11,11,22
1,3,6,8,3168,3,1,3,1,1,40000,3,11,25
1,2,6,6,3170,1,1,3,1,3,50000,3,11,29
0,2,7,7,3173,2,1,3,1,1,75001,3,11,37
0,4,8,8,3179,2,5,3,2,1,9100,11,11,32
0,1,7,7,3194,0,1,3,1,1,22000,11,11,19
1,2,6,8,3198,4,5,3,2,1,33000,11,11,23
1,2,6,6,3224,1,1,3,1,1,35000,3,11,28
1,2,8,8,3250,1,5,3,2,1,24500,3,11,23
0,1,7,7,3255,2,1,3,1,1,25000,11,11,28
0,1,8,8,3303,2,5,3,2,1,11464,11,11,23
1,1,6,6,3309,3,7,2,2,1,30000,3,11,32
1,2,5,7,3316,5,7,2,2,2,17550,11,11,14
1,2,6,9,3324,3,3,2,1,2,13000,1,11,22
1,4,8,8,3325,6,7,2,2,2,2700,11,11,20
1,1,6,7,3338,2,5,3,2,2,20000,3,11,33
0,5,6,7,3351,4,1,3,1,2,25000,3,11,28
1,1,7,7,3355,2,5,3,2,2,7500,11,11,25
1,3,5,5,3356,4,1,3,1,2,1300,11,11,21
1,4,7,7,3369,4,5,3,2,2,55000,3,11,29
1,1,7,7,3390,2,3,2,1,2,50000,11,11,44
1,1,6,6,3391,4,3,2,1,2,30000,3,11,38
0,1,6,6,3392,4,3,2,1,2,26000,11,11,20
1,1,7,8,3413,2,5,3,2,2,27500,11,11,22
1,1,7,7,3416,7,5,3,2,2,15000,11,11,39
0,2,7,7,3423,4,5,3,2,2,25000,6,11,30
0,3,7,7,3429,6,5,3,2,2,6100,11,11,25
1,2,7,8,3433,2,5,3,2,3,60000,3,11,26
0,4,6,6,3444,2,5,3,2,2,9300,11,11,18
1,2,6,6,3447,6,7,2,2,2,12500,11,11,16
0,2,6,8,3461,5,1,3,1,2,24000,3,11,34
1,2,8,6,3475,2,5,3,2,2,2000,11,11,22
1,2,6,6,3481,2,5,3,2,2,15500,11,11,22
1,3,6,7,3494,3,1,3,1,2,33040,11,11,21
1,1,7,8,3495,3,1,3,1,2,16000,11,11,28
1,3,6,8,3502,3,8,1,2,2,23904,11,11,31
0,4,8,5,3509,2,1,3,1,2,30000,1,11,21
1,1,7,8,3515,1,1,3,1,2,3526,16,11,29
1,2,6,6,3530,2,1,3,1,2,34000,3,11,27
0,1,7,8,3533,1,2,3,1,2,17178,11,11,28
0,3,5,5,3538,0,3,2,1,2,23000,11,11,16
1,2,6,5,3547,4,7,2,2,2,21000,11,11,26
1,2,6,6,3564,9,6,3,2,2,22000,11,11,27
1,1,6,6,3567,4,1,3,1,2,21684,11,11,19
1,1,7,7,3575,4,1,3,1,2,30000,11,11,25
0,3,9,9,3576,4,5,3,2,2,30000,11,11,22
1,1,8,8,3581,3,1,3,1,2,2000,11,11,30
1,3,3,3,3584,2,5,3,2,2,19000,11,11,22
1,2,7,8,3587,2,1,3,1,2,12361,11,11,28
0,2,7,7,3589,2,1,3,1,2,31700,11,11,28
1,2,6,5,3594,8,5,3,2,2,4015,11,11,22
0,2,7,8,3597,10,5,3,2,2,27000,11,11,21
1,2,7,7,3610,4,5,3,2,2,23500,11,11,26
0,1,6,8,3617,5,1,3,1,2,36900,11,11,31
1,1,7,8,3619,2,1,3,1,2,40000,2,11,38
1,1,7,7,3628,1,1,3,1,2,9200,11,11,24
0,2,7,7,3648,2,5,3,2,2,7200,11,11,20
1,1,7,6,3651,5,5,3,2,2,16000,11,11,22
1,1,6,7,3655,7,5,3,2,2,21000,11,11,18
0,3,8,8,3659,9,6,3,2,2,7268,11,11,18
0,4,7,7,3694,4,1,3,1,2,19000,11,11,26
0,3,6,6,3700,7,4,1,1,2,14755,6,11,18
1,4,8,8,3703,4,7,2,2,2,2927,11,11,16
0,4,11,9,3704,4,7,2,2,2,3904,11,11,15
1,1,7,7,3707,7,1,3,1,2,25000,3,11,22
1,2,6,6,3713,2,2,3,1,2,10084,11,11,19
0,2,6,7,3719,2,5,3,2,2,4390,11,11,23
0,2,7,8,3721,3,1,3,1,2,32100,11,19,20
0,2,8,8,3722,0,1,3,1,2,13829,1,11,40
0,4,8,8,3723,2,1,3,1,2,13000,11,11,18
0,1,6,6,3733,3,1,3,1,2,29000,3,11,22
1,2,6,8,3736,5,5,3,2,2,21000,11,11,31
1,3,4,4,3768,2,6,3,2,2,4856,11,11,14
1,1,8,8,3769,5,6,3,2,2,4035,11,11,18
1,2,6,6,3781,2,5,3,2,2,50000,3,11,30
0,2,8,8,3787,0,6,3,2,2,7200,11,11,23
0,1,4,6,3791,3,5,3,2,2,18928,11,11,21
0,1,8,8,3793,3,5,3,2,2,23376,11,11,26
0,1,8,9,3799,3,5,3,2,2,2910,11,11,34
1,1,7,8,3804,2,5,3,2,2,40000,3,11,28
1,1,4,8,3807,6,1,3,1,2,25000,2,11,30
1,1,7,7,3817,1,5,3,2,2,6500,11,11,39
0,2,6,7,3829,0,1,3,1,2,24000,11,11,24
1,1,5,5,3839,2,5,3,2,2,4000,11,11,22
1,2,7,7,3860,2,1,3,1,2,30000,3,11,29
0,3,6,6,3866,1,2,3,1,3,25000,3,11,28
1,3,7,7,3877,3,5,3,2,2,1200,3,11,23
0,2,7,8,3889,1,5,3,2,2,35000,3,11,27
1,3,6,6,3895,3,1,3,1,2,45000,3,11,25
0,2,8,8,3901,1,1,3,1,2,2300,11,11,34
1,2,6,8,3908,2,6,3,2,2,1300,11,11,33
0,1,6,6,3954,6,3,2,1,3,11000,1,19,26
1,1,7,10,3967,1,4,1,1,3,40000,11,11,26
1,2,6,6,3970,1,5,3,2,3,20000,16,11,29
1,1,7,8,3972,2,5,3,2,3,36000,3,11,27
1,1,5,5,3985,5,1,3,1,3,9950,11,11,20
0,1,7,7,3987,4,3,2,1,3,11360,11,11,18
0,3,5,5,3988,6,7,2,2,3,11361,11,11,20
0,2,7,7,3992,3,5,3,2,3,18500,11,11,16
1,2,5,5,3995,4,7,2,2,3,10000,11,11,17
0,4,5,5,4025,4,1,3,1,3,600,11,11,19
0,2,7,8,4041,3,5,3,2,3,12500,11,11,21
1,2,7,9,4042,3,2,3,1,3,8409,1,11,39
1,5,6,6,4046,7,2,3,1,3,6384,11,19,21
0,1,6,8,4048,5,1,3,1,3,8859,11,11,22
1,1,4,6,4049,5,5,3,2,3,8859,11,11,21
1,2,7,7,4060,5,5,3,2,3,13000,11,11,25
0,1,7,7,4061,2,1,3,1,3,41000,5,11,26
1,1,9,9,4066,2,5,3,2,3,19000,11,11,21
1,4,6,6,4070,9,3,2,1,3,6124,5,5,16
1,1,6,7,4076,4,1,3,1,3,7500,2,11,52
0,2,8,8,4091,3,1,3,1,3,48000,11,11,22
0,1,9,9,4092,3,5,3,2,3,48000,3,11,38
1,2,4,6,4121,2,6,3,2,3,4798,11,11,17
1,1,6,7,4122,1,2,3,1,3,9665,11,11,22
1,1,9,9,4168,7,3,2,1,3,3000,5,11,17
0,4,6,6,4177,3,5,3,2,3,17500,11,11,17
0,2,7,7,4208,1,7,2,2,3,41000,3,19,31
0,3,7,8,4219,1,5,3,2,3,3000,11,11,19
0,1,4,4,4220,2,5,3,2,3,10000,11,11,25
1,1,7,8,4224,3,6,3,2,3,2750,11,11,32
1,3,5,8,4226,3,1,3,1,3,65000,3,11,34
1,2,8,7,4228,3,5,3,2,3,15000,11,11,19
0,3,7,7,4232,7,5,3,2,3,15500,11,11,19
0,2,6,8,4236,1,5,3,2,3,19135,11,11,23
1,1,7,7,4238,3,1,3,1,3,20000,11,11,28
1,3,7,10,4246,6,5,3,2,3,1800,11,11,21
0,4,6,8,4262,3,6,3,2,3,8000,11,11,14
0,1,9,8,4264,6,4,1,1,3,20000,11,11,18
0,5,8,8,4270,8,7,2,2,3,6092,3,11,16
1,2,8,8,4274,2,8,1,2,3,552,11,11,18
1,3,7,7,4278,6,1,3,1,3,21500,11,11,24
1,1,8,8,4280,1,5,3,2,3,12000,11,11,19
1,2,8,10,4290,3,5,3,2,3,20000,11,11,23
0,3,8,8,4294,4,5,3,2,3,14600,11,11,26
0,2,7,9,4304,2,5,3,2,3,45000,11,11,18
1,1,5,5,4306,1,5,3,2,3,70000,11,11,22
0,1,7,8,4313,6,3,2,1,3,9000,5,6,26
0,2,7,9,4328,1,1,3,1,4,9000,11,11,36
1,2,8,10,4335,2,1,3,1,4,23000,11,11,21
1,3,6,9,4341,4,8,1,2,4,12000,11,11,23
0,3,6,6,4345,3,5,3,2,4,22000,11,11,24
1,1,7,7,4350,0,1,3,1,4,6740,11,11,30
1,4,7,8,4368,5,5,3,2,4,8800,11,11,21
1,1,7,7,4372,2,5,3,2,4,20000,3,11,29
1,2,10,10,4379,2,5,3,2,4,25000,11,11,19
1,5,8,7,4386,8,5,3,2,4,15000,11,5,20
1,1,6,7,4398,6,2,3,1,4,20000,11,11,22
1,1,7,7,4428,3,5,3,2,4,11000,3,11,29
1,4,8,10,4450,3,5,3,2,4,10525,11,11,17
0,1,8,9,4468,2,1,3,1,4,35000,11,11,28
0,3,7,7,4469,2,5,3,2,4,35000,11,11,20
0,2,4,4,4475,5,6,3,2,4,6600,11,11,23
0,2,6,6,4476,2,5,3,2,4,2000,11,19,17
1,1,5,5,4483,8,6,3,2,4,12816,11,11,15
0,1,7,7,4490,4,5,3,2,4,5444,11,19,17
1,2,6,6,4494,5,5,3,2,4,48000,11,11,26
1,1,6,6,4496,3,5,3,2,4,20570,11,11,21
0,3,7,7,4511,5,1,3,1,4,6000,11,11,30
0,2,7,7,4513,2,4,1,1,4,4402,3,11,45
1,2,7,7,4536,2,5,3,2,4,7250,11,11,27
0,3,8,8,4538,8,5,3,2,4,16000,11,11,21
1,1,6,6,4559,1,1,3,1,4,11000,11,11,27
0,2,5,4,4569,10,2,3,1,4,1600,11,11,21
1,2,8,8,4571,6,5,3,2,4,30000,11,11,25
0,3,7,7,4578,3,5,3,2,4,2500,11,11,23
0,2,8,8,4589,3,5,3,2,4,5000,11,11,21
0,3,8,8,4590,2,5,3,2,4,16000,3,11,32
1,1,7,7,4594,2,5,3,2,4,6112,11,11,25
1,2,6,8,4607,3,1,3,1,4,845,11,11,31
1,1,7,9,4609,2,1,3,1,4,2600,11,11,40
1,1,7,8,4625,1,5,3,2,4,6500,11,11,27
1,1,7,7,4636,0,1,3,1,4,35000,11,16,27
0,2,7,9,4650,1,5,3,2,4,40000,3,11,27
0,2,7,7,4664,6,5,3,2,1,60000,3,11,35
1,2,6,7,4668,2,1,3,1,1,28000,3,11,26
1,1,8,9,4687,1,1,3,1,1,40000,11,11,23
1,1,6,8,4691,3,5,3,2,1,75001,3,11,42
1,2,7,9,4695,0,3,2,1,1,22000,3,11,37
0,1,6,6,4720,5,1,3,1,2,23500,11,11,20
0,2,5,7,4723,3,5,3,2,3,75001,3,11,27
0,4,5,8,4724,3,6,3,2,2,19000,11,11,17
1,2,6,6,4731,5,1,3,1,2,7662,11,11,22
0,3,7,7,4735,5,5,3,2,2,12725,11,11,20
0,1,8,8,4737,1,1,3,1,2,17000,3,11,41
0,1,5,5,4738,4,1,3,1,2,22190,11,11,20
1,2,6,6,4744,2,5,3,2,2,10000,11,11,21
0,1,6,6,4750,5,1,3,1,2,1250,11,11,22
1,3,8,8,4753,1,5,3,2,2,30000,11,11,30
1,2,8,9,4754,1,5,3,2,4,751,3,11,36
0,1,8,8,4769,3,5,3,2,2,12893,11,11,19
1,3,8,8,4772,7,5,3,2,2,20667,11,11,23
0,3,5,5,4774,3,5,3,2,2,6000,11,11,33
1,1,6,7,4780,2,5,3,2,2,16580,11,11,18
0,2,6,6,4800,5,1,3,1,2,9800,11,11,18
1,5,6,6,4806,1,1,3,1,2,38000,11,11,23
1,1,7,7,4810,1,5,3,2,2,3600,11,11,15
1,2,8,8,4815,6,5,3,2,2,10000,11,11,26
1,1,8,9,4817,1,5,3,2,2,20000,11,11,26
1,3,7,7,4828,4,1,3,1,2,26000,3,11,24
1,1,6,6,4837,0,6,3,2,2,2530,11,6,21
1,2,5,5,4846,4,1,3,1,2,15400,1,11,22
1,1,6,7,4858,1,1,3,1,2,24000,11,11,35
1,2,8,8,4873,2,5,3,2,2,12000,3,11,35
1,1,7,7,4876,3,5,3,2,2,25000,11,11,20
1,1,8,9,4879,0,1,3,1,2,3200,11,11,24
1,2,7,8,4881,3,1,3,1,2,12000,11,11,25
0,1,7,7,4883,6,1,3,1,2,9556,11,11,21
1,2,7,7,4896,5,1,3,1,2,20000,6,11,29
0,3,8,8,4901,2,1,3,1,3,29233,11,11,22
1,1,8,10,4907,1,1,3,1,3,25000,3,11,28
0,2,6,8,4914,2,2,3,1,3,11767,11,11,23
0,1,7,7,4919,3,5,3,2,3,12132,11,11,19
0,1,8,8,4921,1,1,3,1,3,50000,3,11,36
1,3,6,7,4926,4,1,3,1,3,32000,11,11,26
1,1,6,8,4934,2,5,3,2,3,11155,11,11,21
1,1,6,8,4943,2,5,3,2,3,21000,11,11,26
0,2,8,8,4945,5,1,3,1,3,70000,11,11,27
1,3,5,5,4950,10,8,1,2,3,7910,11,11,15
0,2,5,6,4973,4,5,3,2,3,18000,11,11,22
1,3,8,8,4978,3,5,3,2,3,20000,12,11,20
0,2,6,8,5007,5,1,3,1,3,9922,11,11,29
0,1,6,8,5017,0,1,3,1,3,35000,11,11,28
0,1,7,6,5026,3,8,1,2,3,3312,11,11,31
1,1,7,7,5028,1,5,3,2,3,75001,3,11,30
1,2,6,6,5029,1,1,3,1,3,75001,3,11,34
1,3,8,12,5035,0,5,3,2,3,56200,11,11,23
1,1,6,8,5048,3,1,3,1,3,7000,11,11,24
0,1,8,8,5061,7,5,3,2,3,10000,11,11,19
0,3,0,0,5088,4,7,2,2,3,17000,11,11,19
1,2,8,8,5102,1,1,3,1,3,20000,11,11,34
0,2,6,8,5108,4,5,3,2,3,29000,11,11,24
1,3,6,6,5115,3,5,3,2,3,6500,11,11,26
1,3,7,8,5125,2,5,3,2,4,15800,11,11,21
0,1,8,8,5133,4,1,3,1,4,18843,11,11,33
0,1,8,8,5141,3,4,1,1,4,49000,11,11,21
1,3,6,6,5142,3,8,1,2,4,49000,11,11,39
0,2,6,8,5145,2,1,3,1,4,23000,11,5,26
0,4,7,9,5147,3,4,1,1,4,13420,11,11,20
0,4,6,6,5149,1,1,3,1,4,2500,11,11,17
1,1,7,7,5162,2,5,3,2,4,26000,11,11,26
1,1,7,8,5170,2,1,3,1,4,25000,3,11,25
0,2,6,9,5178,2,1,3,1,4,19000,2,11,22
0,2,5,5,5186,6,1,3,1,4,9667,11,11,20
1,2,7,8,5187,1,1,3,1,4,18000,11,11,25
1,1,7,7,5198,3,8,1,2,4,4500,11,11,26
0,1,7,7,5199,5,5,3,2,3,5500,11,11,23
0,1,7,7,5212,4,5,3,2,4,27000,11,11,23
1,2,7,7,5218,3,4,1,1,4,9800,11,11,18
1,1,6,6,5226,3,1,3,1,4,25487,3,11,29
0,2,8,8,5244,6,4,1,1,4,24000,11,11,31
0,4,9,10,5251,3,1,3,1,4,30000,3,11,26
1,1,8,8,5255,2,5,3,2,4,7000,11,11,16
1,2,8,10,5268,4,6,3,2,2,4210,11,11,25
0,1,4,4,5269,5,1,3,1,2,8000,11,11,17
1,2,6,8,5271,13,5,3,2,2,0,11,11,17
0,3,6,6,5272,1,5,3,2,2,22000,11,11,17
0,1,8,8,5289,3,5,3,2,2,7350,3,11,26
0,1,8,8,5294,3,5,3,2,2,20474,11,11,16
1,2,7,9,5295,4,5,3,2,2,11220,11,11,22
0,1,7,8,5299,4,5,3,2,2,20000,3,11,27
0,1,7,7,5315,4,5,3,2,2,19000,3,11,23
0,1,4,4,5325,5,5,3,2,2,11019,11,11,21
0,2,7,8,5326,5,5,3,2,2,6000,3,11,31
1,2,7,7,5327,1,5,3,2,2,20000,11,11,25
1,1,5,5,5328,4,5,3,2,4,15200,11,11,24
1,1,7,8,5332,2,5,3,2,2,25000,11,11,20
0,1,7,8,5337,3,1,3,1,2,40000,11,11,33
1,2,7,9,5339,0,6,3,2,2,4642,11,11,17
1,2,7,7,5352,3,1,3,1,2,38000,3,11,22
1,1,8,8,5372,3,5,3,2,2,20000,3,11,26
0,2,7,7,5373,3,5,3,2,2,20000,3,11,26
0,2,8,8,5382,3,1,3,1,2,18000,11,11,32
0,2,7,8,5389,6,5,3,2,2,21544,11,11,29
0,3,8,8,5390,8,2,3,1,2,9680,11,11,21
0,2,7,8,5397,3,5,3,2,2,8000,11,11,24
0,2,8,8,5402,6,1,3,1,2,20000,11,11,28
0,1,7,7,5405,1,1,3,1,2,3790,3,11,30
1,1,7,7,5406,2,6,3,2,2,7850,11,11,20
0,2,5,5,5416,5,2,3,1,2,8000,3,11,23
0,2,6,8,5419,3,1,3,1,2,14000,3,11,26
1,3,6,7,5421,9,5,3,2,2,13000,11,11,20
1,3,7,8,5424,3,5,3,2,2,19183,16,11,24
1,3,6,8,5428,4,5,3,2,2,36017,3,11,33
0,4,9,9,5455,5,5,3,2,3,10000,11,11,19
1,2,6,6,5487,7,5,3,2,3,13488,11,11,20
1,4,5,5,5488,3,5,3,2,3,15554,11,11,19
0,1,6,8,5489,6,1,3,1,3,13000,3,11,28
0,3,8,8,5495,2,1,3,1,3,8000,11,11,23
0,1,5,8,5496,2,1,3,1,3,16000,11,11,24
0,1,5,5,5497,2,1,3,1,3,16000,11,11,21
0,1,6,6,5508,2,5,3,2,3,7900,11,11,19
0,2,6,6,5526,1,5,3,2,3,4000,11,11,31
1,2,7,7,5528,8,5,3,2,3,9452,11,11,22
1,3,7,8,5531,11,1,3,1,3,24200,11,11,28
0,4,6,7,5555,3,5,3,2,3,12700,11,11,20
1,2,7,10,5557,4,5,3,2,3,3500,11,11,15
1,2,7,7,5573,5,1,3,1,3,15360,11,11,23
1,1,6,7,5594,2,1,3,1,3,40000,3,11,32
0,1,7,8,5599,1,2,3,1,3,3020,11,11,24
1,2,8,7,5615,1,7,2,2,3,8815,11,11,17
0,1,7,8,5618,4,3,2,1,3,25000,3,11,24
0,2,7,9,5638,3,3,2,1,3,12673,1,11,21
1,1,7,7,5649,1,1,3,1,4,17425,11,11,29
0,1,6,9,5651,2,1,3,1,3,50000,11,11,23
0,1,8,8,5666,2,1,3,1,3,8000,11,11,26
1,2,8,8,5669,3,5,3,2,4,19599,11,11,24
0,3,8,9,5675,4,5,3,2,4,40000,3,11,34
1,2,6,6,5681,2,6,3,2,4,4800,11,11,19
0,4,5,5,5684,4,7,2,2,4,11220,11,11,15
0,2,9,10,5690,3,8,1,2,4,9500,11,11,32
0,1,6,6,5691,2,1,3,1,4,17623,11,11,22
1,1,8,8,5695,7,5,3,2,4,32578,11,11,26
1,1,7,8,5699,2,1,3,1,4,10030,11,11,23
1,2,7,9,5702,6,5,3,2,4,33260,11,11,30
1,1,7,7,5705,3,5,3,2,4,10719,16,11,21
0,3,7,8,5707,4,5,3,2,4,5632,11,11,21
1,2,8,8,5708,3,6,3,2,4,3600,11,11,30
0,1,6,8,5713,1,5,3,2,4,12000,11,11,16
0,1,8,8,5723,1,11,1,1,3,7138,11,11,32
1,4,6,7,5731,5,11,1,1,3,9100,11,11,19
1,1,6,6,5735,5,11,1,1,3,26648,1,11,24
0,2,7,7,5750,1,11,1,1,3,30,11,11,22
0,2,9,9,5754,4,11,1,1,3,12000,11,11,21
1,3,9,9,5756,7,14,1,2,3,3000,11,11,18
0,1,8,8,5776,5,11,1,1,3,0,11,11,18
1,3,7,9,5784,2,11,1,1,3,13000,11,11,32
1,1,8,9,5790,11,14,1,2,3,3600,11,11,21
1,3,8,8,5791,5,11,1,1,3,3600,5,5,47
0,1,5,7,5793,1,14,1,2,3,8000,11,11,19
0,2,8,10,5803,6,14,1,2,3,2500,11,11,19
0,3,7,9,5813,4,14,1,2,3,8388,11,11,19
0,1,8,10,5821,1,14,1,2,4,41000,11,11,26
1,3,6,7,5827,3,14,1,2,4,4000,11,19,22
0,2,6,6,5829,4,14,1,2,4,8000,11,11,21
1,2,7,7,5839,3,14,1,2,4,19000,11,11,20
1,1,8,9,5840,4,14,1,2,4,6000,12,11,18
1,3,5,5,5849,2,14,1,2,4,4000,11,11,18
0,2,6,6,5855,8,14,1,2,4,9000,11,11,16
1,3,8,8,5864,0,11,1,1,4,4400,11,11,22
0,2,8,8,5886,6,10,2,1,1,17000,11,11,22
0,1,7,7,5887,12,13,2,2,1,17000,11,11,21
1,1,6,6,5905,8,11,1,1,1,5000,11,11,21
0,1,12,12,5913,11,13,2,2,1,5000,11,11,17
0,5,8,7,5915,2,10,2,1,1,6000,3,11,26
0,3,8,8,5927,3,13,2,2,1,3684,15,6,23
1,4,4,6,5928,2,10,2,1,1,7500,3,6,25
1,2,7,7,5935,4,10,2,1,1,5196,11,11,22
1,3,7,10,5941,4,13,2,2,1,17000,11,11,22
1,2,7,7,5953,4,13,2,2,1,3276,11,11,16
0,4,4,5,5999,7,13,2,2,2,7600,6,11,18
1,1,5,5,6019,5,14,1,2,3,0,11,11,20
1,3,5,5,6043,4,13,2,2,3,22000,3,11,29
1,3,6,7,6053,3,13,2,2,3,10000,11,11,24
0,3,8,8,6069,4,13,2,2,3,4676,11,11,15
0,3,5,8,6072,1,13,2,2,3,23718,11,11,20
1,5,7,7,6078,2,13,2,2,3,19000,11,11,16
1,1,10,10,6089,5,10,2,1,3,700,11,6,19
0,2,6,8,6094,4,10,2,1,3,12000,11,11,26
0,1,8,7,6112,6,10,2,1,3,9000,5,5,15
1,3,7,11,6118,6,13,2,2,3,9000,11,11,20
1,2,10,14,6121,2,10,2,1,3,25000,5,5,21
0,2,4,8,6128,10,10,2,1,3,5000,5,19,18
0,3,8,8,6156,1,10,2,1,3,5028,16,11,36
0,1,8,8,6160,2,13,2,2,3,42000,11,11,22
1,3,8,8,6171,6,13,2,2,3,17000,3,11,40
1,1,8,8,6185,9,13,2,2,3,7432,11,11,33
0,1,6,6,6201,2,10,2,1,3,23800,11,19,21
0,1,8,10,6209,10,13,2,2,3,3820,11,11,17
0,2,6,6,6220,3,13,2,2,3,2000,11,11,18
1,2,8,9,6231,5,13,2,2,3,6422,11,11,15
0,1,10,12,6234,4,13,2,2,3,5056,11,11,16
1,1,5,5,6235,4,13,2,2,3,3344,11,11,18
0,1,6,6,6236,5,10,2,1,3,20000,11,11,20
1,1,7,8,6239,3,13,2,2,3,4311,11,11,24
0,1,5,7,6252,6,10,2,1,3,6000,1,11,18
1,1,5,5,6272,7,10,2,1,3,3000,1,11,23
1,1,7,8,6278,4,13,2,2,3,14400,3,11,20
1,5,6,6,6280,8,13,2,2,3,3456,11,11,15
0,2,6,6,6291,5,13,2,2,3,11050,11,11,16
0,4,7,8,6308,9,13,2,2,3,6120,11,11,16
1,3,8,8,6317,9,10,2,1,3,9000,1,11,22
1,1,6,8,6321,7,13,2,2,3,10000,3,11,22
1,2,5,5,6338,6,13,2,2,3,16000,11,11,21
1,3,6,6,6339,3,13,2,2,3,6304,11,11,18
0,3,4,6,6345,7,13,2,2,3,12000,11,11,17
0,2,12,12,6357,12,13,2,2,3,2224,3,11,22
1,2,6,8,6377,3,13,2,2,3,11000,3,11,25
0,2,6,8,6381,9,13,2,2,3,2918,11,11,16
0,1,6,6,6387,3,13,2,2,3,15684,11,11,22
0,3,6,6,6399,7,13,2,2,3,5112,11,11,14
0,2,8,8,6415,7,10,2,1,3,10000,5,19,19
0,1,9,10,6426,5,13,2,2,3,12000,11,11,21
1,2,5,5,6449,4,13,2,2,3,140,11,11,24
0,2,5,5,6458,3,10,2,1,3,10000,5,16,28
0,2,6,9,6485,1,13,2,2,3,45000,3,16,28
1,2,7,7,6491,2,10,2,1,3,5861,3,11,27
0,2,8,8,6574,10,10,2,1,2,17000,11,11,28
0,2,7,8,6647,5,13,2,2,1,2000,3,11,30
1,1,7,7,6693,2,14,1,2,1,4272,3,11,26
0,1,5,5,6740,4,14,1,2,1,2812,11,11,18
0,1,7,8,6769,8,10,2,1,3,0,11,11,32
1,1,8,8,6773,1,14,1,2,1,2154,11,11,19
0,1,6,7,6776,7,11,1,1,1,3600,11,11,26
0,1,6,7,6787,3,14,1,2,1,5340,11,11,16
1,1,8,8,6789,4,11,1,1,1,6834,11,11,18
1,2,6,6,6800,1,11,1,1,1,13000,2,11,26
0,1,7,8,6803,2,11,1,1,1,17100,11,11,23
1,1,5,6,6843,1,10,2,1,3,40000,3,11,33
0,1,6,7,6852,1,13,2,2,1,17000,11,11,39
1,4,8,8,6858,2,13,2,2,1,15000,11,11,15
1,1,4,8,6862,2,13,2,2,1,11000,11,11,20
0,3,6,6,6863,4,10,2,1,1,7618,2,11,21
0,3,8,8,6867,7,10,2,1,1,6500,1,11,37
0,3,6,7,6878,4,10,2,1,1,38000,1,11,20
0,4,4,4,6913,3,13,2,2,1,18788,11,11,29
0,3,6,6,6967,6,13,2,2,1,17790,11,11,18
0,1,2,3,6970,2,13,2,2,1,6264,11,11,18
1,3,6,6,6971,5,13,2,2,1,9800,3,11,20
1,1,6,8,7049,2,14,1,2,2,21000,11,11,18
0,1,6,10,7064,4,13,2,2,2,13000,11,11,20
1,3,4,4,7066,10,14,1,2,2,5364,11,11,16
0,3,8,9,7097,9,13,2,2,2,118,11,11,16
0,3,6,7,7099,3,10,2,1,2,38000,3,11,34
1,2,7,8,7101,1,10,2,1,2,14900,1,11,22
1,2,6,8,7102,1,13,2,2,2,30000,3,11,25
1,1,8,8,7103,2,10,2,1,2,42000,3,11,20
0,1,3,3,7113,16,10,2,1,2,3800,5,5,20
0,1,6,8,7116,4,13,2,2,2,10004,11,11,17
1,3,6,6,7124,3,13,2,2,2,2952,11,11,17
0,2,7,7,7125,8,10,2,1,2,6365,11,11,28
1,3,7,7,7137,3,13,2,2,2,24000,3,11,32
1,3,7,8,7138,11,13,2,2,2,2964,11,11,18
0,1,3,4,7140,4,10,2,1,2,640,6,11,18
1,4,6,6,7143,0,10,2,1,2,17000,3,11,26
1,3,7,8,7148,2,13,2,2,2,5000,3,11,26
0,2,5,5,7155,8,10,2,1,2,5775,11,13,17
1,2,8,7,7179,4,13,2,2,2,5784,11,11,17
0,5,2,2,7192,9,13,2,2,2,3704,11,11,20
0,3,8,8,7249,8,14,1,2,2,7000,11,11,16
0,1,5,6,7302,6,13,2,2,2,11092,11,11,21
0,1,6,8,7313,10,11,1,1,2,4800,11,11,20
1,2,8,8,7316,6,14,1,2,2,8500,11,11,18
1,3,6,7,7340,2,11,1,1,2,3310,11,11,30
1,2,5,5,7368,5,13,2,2,3,9000,3,11,39
0,1,3,6,7411,1,10,2,1,1,1500,11,11,26
0,1,6,8,7430,5,14,1,2,3,7000,11,11,17
0,1,8,8,7437,5,13,2,2,3,11985,3,11,28
0,5,6,8,7442,6,13,2,2,3,6976,11,11,15
1,1,8,8,7470,5,13,2,2,3,3768,1,11,16
0,2,8,8,7474,2,10,2,1,3,30000,11,11,18
0,2,2,2,7493,4,13,2,2,3,850,11,11,19
1,2,7,7,7498,9,13,2,2,3,8400,11,11,28
0,4,2,2,7501,9,13,2,2,3,2112,11,11,16
0,3,8,7,7508,7,13,2,2,3,4584,11,11,22
0,3,5,4,7509,7,10,2,1,3,8320,11,11,20
1,4,3,3,7510,7,13,2,2,3,11000,11,11,21
0,1,5,5,7552,1,10,2,1,3,10738,3,11,24
0,2,6,8,7568,8,10,2,1,3,11172,3,11,20
0,1,4,6,7569,9,10,2,1,3,11172,3,11,24
0,3,5,5,7583,1,13,2,2,3,4307,11,11,18
0,2,6,10,7598,2,13,2,2,3,37000,3,11,20
1,2,5,5,7620,5,10,2,1,3,4000,6,11,23
0,1,6,6,7622,7,13,2,2,3,4600,11,11,15
0,1,5,6,7629,5,10,2,1,3,10000,11,11,19
1,2,6,8,7636,8,13,2,2,3,9924,11,11,17
1,4,6,6,7646,10,13,2,2,3,13836,11,11,15
1,2,9,10,7685,0,13,2,2,3,3500,11,11,20
1,2,6,6,7689,2,13,2,2,3,19000,11,11,23
0,1,8,8,7691,8,13,2,2,3,12000,3,11,31
0,2,8,8,7712,6,10,2,1,3,5000,5,5,30
0,2,7,6,7748,4,11,1,1,3,3150,16,11,22
1,1,8,8,7750,7,14,1,2,3,12200,11,11,21
1,1,8,8,7754,3,13,2,2,3,4108,11,11,24
0,3,8,8,7789,0,14,1,2,3,20300,11,11,18
0,2,7,7,7794,5,13,2,2,3,8900,11,11,20
0,3,6,8,7795,9,13,2,2,3,15100,11,11,18
0,4,10,8,7799,2,10,2,1,3,6120,5,19,19
0,1,5,5,7804,1,14,1,2,3,12000,11,11,17
0,3,8,9,7805,2,11,1,1,3,8800,11,19,18
0,3,8,8,7830,3,14,1,2,3,15000,11,11,19
1,4,6,7,7841,4,14,1,2,3,13450,11,11,31
1,2,5,5,7852,0,10,2,1,3,9800,11,11,19
1,1,6,7,7867,7,11,1,1,3,12800,11,11,19
1,1,7,8,7903,5,11,1,1,4,1500,11,11,24
0,1,7,7,7909,3,10,2,1,4,21000,3,11,24
0,1,6,8,7923,6,10,2,1,4,5700,11,11,21
0,1,8,8,7937,2,10,2,1,4,2182,11,11,22
0,2,6,6,7938,2,13,2,2,4,2182,11,11,14
1,2,8,8,7943,2,14,1,2,4,0,11,11,27
1,3,7,8,7967,6,14,1,2,4,8215,11,11,16
0,3,7,7,7968,3,14,1,2,4,30000,11,11,18
0,3,5,6,7981,9,13,2,2,4,9000,11,11,21
0,2,7,7,8000,2,13,2,2,4,5500,11,11,23
0,1,7,6,8002,6,11,1,1,4,10120,16,11,20
1,2,7,7,8009,5,11,1,1,4,5500,5,11,18
1,3,5,6,8028,10,13,2,2,4,18844,11,11,15
0,4,4,5,8041,1,10,2,1,4,22000,2,16,22
0,1,8,9,8046,1,11,1,1,4,5400,11,11,31
1,1,4,6,8047,7,13,2,2,4,35000,11,11,19
1,2,7,7,8063,8,11,1,1,4,3056,11,11,19
1,1,7,8,8103,3,14,1,2,4,8130,11,11,16
1,1,8,4,8107,8,11,1,1,4,500,11,5,17
1,2,8,8,8120,4,14,1,2,4,2950,11,11,32
0,2,8,8,8121,5,14,1,2,4,2412,11,11,34
1,1,6,5,8123,8,14,1,2,1,1232,11,11,27
1,3,7,9,8127,5,13,2,2,4,10704,11,11,18
0,2,5,7,8139,4,11,1,1,4,12000,11,11,20
0,1,8,8,8140,4,14,1,2,4,15220,11,11,17
1,2,6,8,8141,4,14,1,2,4,16000,11,11,25
1,1,7,7,8143,4,14,1,2,4,10000,11,11,17
0,2,6,8,8151,1,14,1,2,4,9000,11,11,31
1,2,7,9,8173,8,11,1,1,4,9000,11,11,20
0,3,5,8,8177,8,11,1,1,4,13000,11,11,19
0,1,7,9,8193,4,14,1,2,4,4500,11,11,19
1,4,8,8,8197,7,11,1,1,4,13000,11,11,20
0,4,6,4,8209,3,10,2,1,4,1100,11,11,14
1,1,5,8,8216,5,11,1,1,4,7800,11,11,19
1,3,8,9,8235,5,14,1,2,4,25000,11,11,24
1,1,7,7,8237,5,14,1,2,4,30000,3,11,32
0,2,6,6,8243,3,14,1,2,4,8700,11,11,17
1,1,8,7,8257,6,14,1,2,4,20600,11,11,20
1,3,6,7,8267,12,11,1,1,4,12000,11,11,19
1,5,6,6,8271,7,14,1,2,4,1400,11,11,22
0,2,8,8,8272,3,11,1,1,4,8000,11,11,17
1,2,8,9,8273,2,14,1,2,4,8000,11,11,18
0,2,6,8,8274,9,11,1,1,4,4020,11,11,23
1,1,4,4,8276,7,14,1,2,4,8000,11,11,20
1,3,8,10,8286,6,14,1,2,4,22150,11,11,19
1,1,6,6,8287,4,14,1,2,4,5016,11,11,17
0,1,7,7,8304,3,11,1,1,4,11000,11,11,25
0,4,5,5,8305,4,14,1,2,4,3700,11,11,18
0,4,6,6,8309,4,14,1,2,4,420,11,11,16
0,1,8,8,8327,2,11,1,1,4,6000,11,11,16
1,3,6,6,8364,7,11,1,1,4,4000,11,11,29
0,1,4,5,8377,4,14,1,2,4,12200,11,11,21
0,1,7,7,8388,4,11,1,1,4,15800,11,11,21
1,3,8,10,8391,7,14,1,2,4,20000,11,11,22
0,1,6,9,8392,7,11,1,1,4,20000,3,11,31
1,1,6,8,8395,2,14,1,2,4,14000,3,11,25
0,1,8,10,8406,2,11,1,1,4,7000,11,11,17
0,2,9,7,8407,13,14,1,2,4,11000,11,11,17
1,3,7,8,8434,1,13,2,2,3,10400,11,11,17
1,3,7,7,8479,9,13,2,2,3,8000,11,11,19
1,2,6,7,8490,2,13,2,2,3,9500,11,11,23
0,4,6,4,8493,6,13,2,2,3,15080,11,11,22
0,1,6,8,8494,8,13,2,2,3,9000,11,6,22
0,2,7,7,8495,13,10,2,1,3,13000,11,11,20
1,2,5,7,8513,5,13,2,2,3,8000,3,11,24
0,2,5,5,8549,5,13,2,2,3,6000,11,11,18
0,2,4,8,8623,4,10,2,1,3,20000,3,11,28
0,2,6,6,8633,5,10,2,1,3,11000,1,11,21
1,2,7,9,8634,5,13,2,2,1,1600,2,11,15
1,1,5,7,8640,3,10,2,1,2,10200,11,11,25
0,1,8,8,8683,7,10,2,1,3,1551,11,19,21
1,1,6,6,8685,6,13,2,2,3,9888,11,11,18
1,1,5,5,8693,6,13,2,2,3,6157,11,11,20
0,1,6,8,8697,7,13,2,2,3,11046,3,11,28
1,2,9,9,8741,2,11,1,1,2,13250,6,11,31
1,1,9,8,8869,9,14,1,2,3,9000,11,11,20
1,1,8,7,8870,9,14,1,2,3,9000,11,11,16
1,1,6,8,8880,3,11,1,1,3,32000,3,11,30
0,3,4,4,8881,6,11,1,1,3,10000,11,11,19
1,2,8,8,8889,7,14,1,2,3,22856,12,11,19
0,3,7,7,8911,4,11,1,1,3,6000,11,11,23
0,2,8,9,8916,5,14,1,2,3,25000,11,11,18
1,1,4,6,8939,7,14,1,2,4,13070,3,11,23
0,2,8,8,8948,11,14,1,2,4,5940,11,11,16
1,4,6,6,8971,5,10,2,1,1,6000,1,11,21
1,1,8,8,9005,1,10,2,1,3,7000,11,11,23
0,2,4,5,9013,8,10,2,1,3,10008,1,11,22
1,1,6,8,9066,10,10,2,1,3,9027,11,11,24
0,3,6,6,9080,12,13,2,2,3,3088,11,11,15
1,2,6,6,9107,1,10,2,1,3,14000,3,11,25
0,4,6,7,9117,0,13,2,2,3,7930,11,11,26
0,3,8,8,9134,9,14,1,2,3,12343,11,11,30
1,2,6,7,9174,1,14,1,2,2,15000,11,11,18
0,1,6,7,9191,5,10,2,1,2,18064,11,11,32
0,2,7,9,9195,4,13,2,2,2,12864,3,11,23
0,1,8,8,9197,9,10,2,1,2,4426,11,11,21
0,2,6,6,9204,10,10,2,1,2,5340,11,11,17
0,3,6,6,9214,1,14,1,2,1,14000,11,11,22
0,2,8,8,9220,7,14,1,2,1,4512,11,11,15
1,3,4,7,9256,3,14,1,2,1,8192,11,11,24
1,1,9,9,9273,8,14,1,2,1,8970,11,11,15
0,3,6,8,9274,5,13,2,2,1,3636,11,11,18
1,3,7,8,9284,10,14,1,2,1,5736,11,11,15
0,1,6,6,9287,9,13,2,2,1,4500,11,11,23
1,1,7,7,9347,8,13,2,2,1,5957,11,11,19
1,4,6,7,9355,1,14,1,2,1,1200,11,11,17
0,3,6,6,9374,7,14,1,2,1,10050,11,11,20
1,1,6,8,9381,1,14,1,2,1,5840,11,11,19
0,1,8,10,9390,9,10,2,1,1,2600,11,11,32
1,2,5,8,9391,7,10,2,1,1,5000,11,11,23
1,1,6,8,9392,1,13,2,2,1,6238,11,11,21
1,2,7,7,9401,2,13,2,2,1,5806,11,11,17
1,1,8,8,9416,2,14,1,2,1,27000,11,11,27
1,2,7,8,9419,2,10,2,1,1,55000,3,11,23
1,2,6,6,9442,4,10,2,1,1,6800,1,11,18
1,2,6,6,9446,2,13,2,2,1,5130,11,11,25
1,1,7,7,9517,6,14,1,2,2,11353,11,11,18
1,1,8,8,9521,4,13,2,2,2,10000,11,11,19
0,3,4,4,9529,10,14,1,2,2,7120,11,11,20
0,2,7,7,9556,4,13,2,2,2,1096,11,11,17
1,2,8,9,9574,7,14,1,2,2,13180,11,11,16
0,4,7,9,9619,3,14,1,2,3,6500,11,11,23
1,5,9,9,9620,0,14,1,2,3,6337,11,11,18
0,2,7,7,9624,3,11,1,1,3,2502,11,11,25
0,3,6,6,9672,4,13,2,2,3,17000,3,11,33
0,2,9,6,9674,6,10,2,1,3,8000,1,11,22
0,4,7,8,9687,6,10,2,1,3,15000,11,11,23
1,1,6,6,9697,2,10,2,1,3,5950,11,11,28
1,1,4,4,9707,2,13,2,2,3,0,11,11,20
0,4,4,5,9754,2,14,1,2,3,2904,11,11,15
1,4,7,8,9756,3,13,2,2,3,3674,11,11,16
0,2,5,5,9760,3,10,2,1,3,11000,1,11,24
1,1,4,4,9768,4,13,2,2,3,5000,11,11,20
0,2,7,7,9809,2,14,1,2,4,4800,11,11,16
0,3,8,8,9811,5,14,1,2,4,15000,11,11,23
0,2,8,6,9823,8,10,2,1,4,14500,11,11,20
1,3,8,8,9838,5,14,1,2,4,17200,11,11,18
1,1,8,8,9871,8,13,2,2,4,11000,11,11,16
1,1,5,6,9876,5,11,1,1,4,14090,11,11,25
0,1,8,9,9922,1,14,1,2,4,5000,11,11,21
0,5,9,9,9940,4,14,1,2,4,5038,11,11,20
0,2,6,6,9941,4,14,1,2,4,14000,16,11,30
0,1,9,7,9969,4,11,1,1,4,11000,11,11,17
0,1,6,7,9981,8,14,1,2,4,7500,11,11,18
1,2,8,8,10008,6,14,1,2,4,16972,11,11,26
1,2,8,9,10009,6,11,1,1,4,19000,11,11,31
1,4,9,11,10026,9,14,1,2,4,7000,11,11,16
0,2,7,4,10028,6,11,1,1,4,6400,11,11,20
1,2,7,7,10029,9,14,1,2,4,6334,11,11,18
1,4,8,8,10036,11,14,1,2,4,9000,11,11,22
1,1,6,6,10038,1,14,1,2,4,41090,11,11,18
1,1,8,8,10062,2,14,1,2,4,7295,11,11,15
1,3,5,5,10082,9,10,2,1,3,9100,11,11,22
0,3,3,3,10113,3,13,2,2,3,9016,11,11,15
1,1,5,5,10135,5,13,2,2,3,6000,11,11,20
0,3,5,5,10152,4,10,2,1,3,4000,1,11,20
1,3,7,9,10166,7,13,2,2,3,14000,11,11,19
0,2,6,7,10182,7,13,2,2,3,4800,11,11,17
1,1,6,9,10185,4,14,1,2,3,11000,11,11,23
1,1,10,10,10211,8,14,1,2,2,14000,11,11,18
0,2,7,7,10226,1,14,1,2,2,2100,3,11,27
1,1,7,7,10232,7,10,2,1,2,30000,3,11,36
0,1,10,10,10234,2,13,2,2,2,3500,11,11,17
0,4,4,4,10236,6,13,2,2,2,7072,11,11,19
0,1,13,13,10259,4,13,2,2,1,185,11,11,16
0,2,8,10,10315,4,11,1,1,1,11700,11,11,24
1,2,6,6,10331,4,13,2,2,3,900,11,11,14
0,2,8,8,10334,3,13,2,2,1,0,11,11,17
1,1,5,5,10362,2,13,2,2,1,17000,3,11,36
0,3,6,8,10377,4,14,1,2,1,16850,11,11,24
1,1,8,8,10379,3,13,2,2,1,13500,11,11,20
0,2,6,8,10389,1,10,2,1,1,16000,11,11,29
0,1,8,8,10425,3,10,2,1,2,44200,11,11,19
0,1,8,8,10436,2,14,1,2,2,25200,11,11,25
0,1,4,6,10452,6,13,2,2,3,1700,11,11,20
0,1,8,10,10453,2,10,2,1,4,10000,11,11,19
0,1,5,5,10470,6,10,2,1,2,1100,11,11,28
1,3,7,7,10481,1,14,1,2,4,3600,11,11,20
0,1,5,8,10493,3,11,1,1,4,4400,11,11,20
0,3,8,8,10500,1,14,1,2,4,7800,11,11,28
1,2,7,7,10582,4,13,2,2,2,6322,11,11,17
1,3,8,8,10634,8,19,2,2,3,5700,12,11,22
0,2,10,13,10664,8,16,2,1,3,7220,1,11,21
0,2,7,7,10666,5,16,2,1,3,5616,11,11,20
1,3,5,7,10706,3,16,2,1,2,6000,2,11,25
0,3,8,8,10707,3,17,1,1,2,5600,1,11,28
0,2,4,4,10718,6,16,2,1,2,5900,1,11,19
0,1,6,6,10728,2,15,3,1,3,6460,1,11,24
0,1,5,5,10742,3,17,1,1,3,7500,11,11,35
1,2,7,8,10745,1,15,3,1,3,12009,1,11,27
0,2,8,10,10754,1,16,2,1,3,2050,1,11,26
0,3,4,4,10757,2,15,3,1,3,11900,11,11,20
1,2,4,6,10765,5,17,1,1,3,12000,1,11,23
1,1,5,5,10767,4,15,3,1,3,6320,11,11,23
1,1,8,8,10775,5,15,3,1,3,8600,13,11,20
1,1,3,8,10781,1,15,3,1,3,4000,1,11,28
1,1,5,7,10790,3,16,2,1,3,7200,11,11,22
0,3,7,6,10804,2,16,2,1,3,5000,11,11,23
1,1,7,8,10811,2,18,3,2,2,5200,11,19,21
1,1,7,7,10819,1,15,3,1,3,6400,2,11,24
1,3,4,7,10844,5,16,2,1,3,3046,1,11,22
0,1,5,5,10854,2,15,3,1,3,5496,6,11,21
1,3,8,9,10882,2,17,1,1,3,3664,11,12,26
1,1,8,8,10891,3,15,3,1,3,6904,1,11,22
0,3,6,6,10893,4,16,2,1,4,15200,2,11,18
0,1,8,8,10894,7,16,2,1,4,6270,11,11,34
1,2,9,10,10945,5,17,1,1,4,3968,1,11,23
0,1,7,7,11001,6,17,1,1,4,5650,11,11,16
0,3,5,10,11002,3,15,3,1,4,6347,12,11,24
0,1,6,8,11019,2,17,1,1,4,26600,1,11,21
1,2,8,8,11071,5,16,2,1,1,6800,1,11,24
0,1,6,12,11072,3,16,2,1,1,5061,1,11,25
0,1,7,7,11142,1,17,1,1,1,4625,11,11,22
0,1,6,6,11221,8,16,2,1,3,6116,11,11,27
0,2,8,8,11319,3,18,3,2,3,2100,1,11,22
0,2,4,6,11325,6,16,2,1,3,6238,1,12,22
0,1,7,7,11406,1,15,3,1,1,9240,1,11,30
1,1,8,8,11418,4,15,3,1,3,9000,13,11,32
1,2,6,8,11436,4,17,1,1,3,5000,1,11,29
0,1,7,7,11467,2,15,3,1,4,3050,1,11,26
1,1,9,9,11480,2,15,3,1,4,6500,11,11,36
0,1,6,8,11510,1,15,3,1,4,5000,1,11,24
1,2,7,8,11516,1,15,3,1,4,17000,11,11,23
0,3,7,8,11523,6,15,3,1,4,8500,11,11,18
1,1,6,8,11525,6,16,2,1,4,5000,1,11,30
1,1,7,7,11534,2,15,3,1,4,3814,11,11,41
0,3,3,4,11535,4,16,2,1,4,9600,12,11,22
0,1,7,7,11568,2,15,3,1,4,6284,11,11,23
1,2,7,7,11581,2,15,3,1,4,9791,11,11,24
0,1,8,8,11598,3,15,3,1,4,5000,1,19,23
1,1,6,6,11629,8,17,1,1,4,4000,1,11,34
1,1,8,6,11651,3,16,2,1,4,8900,12,11,20
0,1,8,10,11658,5,16,2,1,1,5500,1,11,23
0,2,8,8,11664,5,16,2,1,3,10000,5,11,29
0,1,8,8,11686,3,15,3,1,1,13000,11,11,19
1,2,4,4,11696,11,16,2,1,1,5300,2,5,36
1,1,6,6,11703,4,15,3,1,1,9550,11,11,19
0,1,7,8,11745,2,15,3,1,4,5000,11,11,28
0,1,6,6,11751,3,1,3,1,1,6000,11,11,22
0,1,7,7,11769,1,5,3,2,1,700,11,11,26
0,3,7,8,11776,2,3,2,1,1,28000,11,11,47
1,1,6,7,11779,2,5,3,2,3,2400,11,11,32
0,1,6,6,11787,1,5,3,2,1,25000,11,11,23
0,3,5,5,11792,4,5,3,2,1,15000,11,11,19
1,2,8,8,11794,4,5,3,2,2,7500,11,11,24
1,1,5,8,11800,4,5,3,2,2,12977,11,11,17
0,3,8,8,11801,2,3,2,1,2,13000,6,5,31
1,2,7,8,11813,4,5,3,2,2,31000,11,11,18
1,1,7,7,11816,2,5,3,2,2,28000,11,11,24
0,4,8,8,11819,4,5,3,2,2,25000,11,11,20
1,1,7,7,11823,4,1,3,1,2,50000,6,11,25
0,1,6,6,11836,8,3,2,1,3,14000,11,11,19
0,3,8,8,11850,5,5,3,2,3,18000,11,11,14
0,1,5,5,11857,3,1,3,1,3,16000,11,11,26
0,4,5,5,11858,4,6,3,2,3,3000,11,11,35
1,1,5,5,11859,4,7,2,2,4,3895,11,11,15
1,1,7,9,11873,3,5,3,2,4,9300,11,11,17
0,3,7,7,11884,2,4,1,1,4,30000,5,19,19
0,2,8,8,11886,2,5,3,2,4,14350,11,11,21
0,1,7,10,11890,8,4,1,1,4,7640,11,11,19
1,3,7,8,11905,4,5,3,2,4,5350,11,11,18
0,3,8,8,11918,2,5,3,2,1,30000,3,11,26
1,1,7,8,11934,3,3,2,1,3,15000,2,11,21
0,3,6,6,11937,2,3,2,1,3,26000,3,11,19
1,1,6,8,11955,3,5,3,2,1,35000,3,11,31
0,2,9,8,11970,2,8,1,2,1,14000,11,11,24
0,1,6,6,11978,6,4,1,1,1,4728,16,11,23
1,1,6,6,11980,7,8,1,2,1,4728,11,11,19
0,1,7,8,11990,2,1,3,1,1,3600,11,11,28
0,1,7,7,12012,0,1,3,1,2,30000,3,11,25
0,2,8,8,12015,3,5,3,2,2,7144,11,11,17
1,1,8,8,12016,1,1,3,1,2,60000,11,11,31
1,3,6,8,12018,7,5,3,2,2,25200,11,11,29
1,2,5,8,12022,1,5,3,2,2,8015,11,11,33
1,4,6,6,12036,2,6,3,2,3,12000,11,11,26
0,1,7,8,12046,1,5,3,2,3,35000,3,11,31
0,2,8,8,12061,6,5,3,2,4,11250,11,11,16
1,2,8,8,12066,5,6,3,2,4,3000,11,11,23
0,2,8,7,12076,2,5,3,2,1,4950,11,11,33
1,3,6,6,12080,5,1,3,1,2,5088,11,11,22
0,2,8,10,12082,3,1,3,1,2,22000,11,11,26
1,2,7,7,12087,2,6,3,2,2,2664,11,11,17
0,1,7,8,12097,5,5,3,2,4,19000,11,11,18
1,1,7,7,12101,3,1,3,1,4,11000,3,11,33
0,1,6,8,12113,4,5,3,2,4,35000,3,11,30
1,2,6,7,12119,5,2,3,1,3,1000,11,11,25
0,3,6,6,12122,9,1,3,1,3,12300,11,11,18
1,3,7,8,12123,4,5,3,2,3,9000,11,11,16
0,2,6,8,12135,4,5,3,2,3,572,11,11,23
1,3,6,6,12149,3,13,2,2,2,4176,11,11,18
1,3,8,8,12150,3,13,2,2,2,3936,11,11,17
1,1,7,8,12181,13,14,1,2,1,10000,11,11,18
0,1,6,9,12193,5,13,2,2,1,4280,11,11,31
1,5,5,5,12194,3,13,2,2,1,3418,11,11,17
0,2,6,6,12196,7,10,2,1,1,25600,3,11,31
1,4,5,5,12222,3,13,2,2,3,2040,11,11,18
1,1,8,13,12237,5,10,2,1,3,9000,5,5,14
0,3,8,8,12278,2,14,1,2,4,6239,11,11,21
1,3,7,9,12284,6,14,1,2,4,9000,3,11,31
0,3,8,12,12300,6,10,2,1,3,12000,11,11,19
0,3,5,8,12566,2,19,2,2,3,4800,11,11,19
0,2,7,12,12589,4,16,2,1,3,5800,11,11,17
0,2,5,5,12648,0,16,2,1,4,3000,11,11,26
1,3,5,7,12659,6,16,2,1,1,6191,1,11,16
0,3,5,5,12667,3,20,1,2,1,4500,11,11,21
